Workbook

Sheet 설명
A1: 나비 신설 법인 통합 재무 모델 (초안, 2026-10-17)
A2: 이 파일은 초안이며 언제든 예고 없이 변경될 수 있습니다. 문서(MD)의 재무 숫자는 이 모델의 기준 시나리오와 맞춥니다(문서는 가입자 수를 10명 단위로 반올림했으므로 소수점 차이가 날 수 있음).
A4: 시트 구성
A5: 입력: 모든 가정(파란색 글자가 입력 셀, 노란 칸은 핵심 시나리오 레버). 값을 바꾸면 모든 시트가 다시 계산됩니다.
A6: 직종별: 11개 법인의 1차 연도 재무(연회비, 종량제, 서버비, 법인세, 순이익, 배당 하한·상한, 로열티, 12개월 말 현금, 서버 분담금).
A7: 민감도: 선택한 직종의 달성률 × 종량제 배수별 순이익과 배당 하한.
A8: 요약: 직종별 핵심 숫자를 억 원 단위로 모은 표.
A10: 주요 가정과 한계
A11: 1) 서버비는 회원 15,000명에 연 3.4억 원(선형 확대)이라는 이전 추산에서 나왔고 근거가 검증되지 않았습니다.
A12: 2) 연회비 99,000원(부가세 포함), 갱신율 100%, 5개월 누적 가입 일정, 시장 규모(블로그 추정)는 모두 가정입니다.
A13: 3) 종량제는 서버비의 배수(기본 10배)로 과금한다고 가정했습니다. 민감도 시트에서 1~10배를 비교합니다.
A14: 4) 법인세는 2억 원 이하 9%, 초과 19%(현행 세율 확인 필요). 로열티는 비용으로 보지 않고 법인세 후 순이익에서 배당을 뺀 값입니다(손금 인정 여부 미확정).
... A19: 9) 의사(활동 의사 11.8만 명, 2023), 개업공인중개사(10.96만 명, 2025년 11월 말), 약사(요양기관 근무 4.1만 명, 2023), 한의사(요양기관 근무 2.2만 명, 2023)의 시장 규모는 보도 통계에 근거한 근사치입니다. 서버 구축 분담금은 11개 법인의 시장 규모 비율로 나눈 참고값입니다. 정부 서버 지원(첫 6개월, 가능하면 12개월)은 설립의 선행 조건이며 이 모델의 숫자에는 반영하지 않았습니다. 서버는 1대로 시작해 자본 모집과 연회비 수입에 따라 점진적으로 증설합니다.

Sheet 입력
A1: 입력 가정
A2: 파란색 글자 = 입력 셀, 노란 칸 = 핵심 시나리오 레버. 이름은 모두 B열에서 읽습니다.
A4: 연회비(부가세 포함, 원) | B4: 99000 | C4: 문서 가정
A5: 부가세율 | B5: 0.1
A6: 서버비 기준액(원/년) | B6: 340000000 | C6: 이전 추산: 회원 15,000명 기준, 검증되지 않음
A7: 서버비 기준 회원 수(명) | B7: 15000 | C7: 위와 한 쌍
A8: 종량제 배수(서버비의 몇 배) | B8: 10 | C8: 민감도 시트에서 1~10배 비교
A9: 검토 수수료율(종량제의 비율, 2차 연도) | B9: 0.1 | C9: 문서 가정
A10: 마케팅비(가입 1명당, 원) | B10: 0 | C10: 주주 무상 모집이라 0
A11: 임원 보수 합계(원/년) | B11: 36000000 | C11: 대표이사 1,200만 + 이사 2명 각 800만 + 감사 800만 가정
A12: 유지비(원/년) | B12: 15000000 | C12: 기장·결산·등기·보험 등 가정
A13: 나비웹 납입 자본금(원) | B13: 1000000 | C13: 1만 주 × 100원
A14: 배당 하한(배당성향) | B14: 0.311 | C14: 코스피 12월 결산법인 평균 배당성향, 2025년
A15: 배당 상한(배당성향) = 하한의 2배 | B15: =B14*2 -> 0.622
A16: 법인세율(2억 원 이하) | B16: 0.09 | C16: 현행 세율 확인 필요
A17: 법인세율(2억 원 초과) | B17: 0.19 | C17: 현행 세율 확인 필요
A18: 법인세 경계(원) | B18: 200000000
A19: 서버 1대 설치비(억 원) | B19: 5.733 | C19: 대당 31.5만 달러 × 환율 1,400 × (1+부대비용 30%) 가정
A20: 달성률(5개월 목표 대비) — 시나리오 | B20: 1 | C20: 20%/50%/100% 등으로 바꿔 보세요
A21: 임원 보수 지급 개시 기준(시장 대비 가입자 비율) | B21: 0.1 | C21: 이 비율에 이를 때까지 임원 보수 0원, 도달한 달의 다음 달부터 지급
A23: 파생값
A24: 서버비(회원 1명·1개월, 원) | B24: =B6/B7/12 -> 1888.8889
A25: 연회비 공급가(원) | B25: =B4/(1+B5) -> 90000
A26: 월 수익 인식(1명, 원) | B26: =B25/12 -> 7500

Sheet 요약
A1: 요약 (억 원)
A3: 직종 | B3: 목표 회원(명) | C3: 연회비 입금 | D3: 종량제 수입 | E3: 서버비 | F3: 순이익 | G3: 배당 하한 | H3: 배당 상한 | I3: 로열티 최소 | J3: 로열티 최대 | K3: 12개월 말 현금(지급 전) | L3: 첫 서버 분담금 몫
A4: =직종별!A4 -> 나비 법무(나비로) | B4: =직종별!I4 -> 4700 | C4: =직종별!L4/100000000 -> 4.653 | D4: =직종별!O4/100000000 -> 8.4811111 | E4: =직종별!K4/100000000 -> 0.84811111 | F4: =직종별!V4/100000000 -> 8.770205 | G4: =직종별!W4/100000000 -> 2.7275338 | H4: =직종별!X4/100000000 -> 5.4550675 | I4: =직종별!Y4/100000000 -> 3.3151375 | J4: =직종별!Z4/100000000 -> 6.0426712 | K4: =직종별!AA4/100000000 -> 11.453 | L4: =직종별!AC4 -> 0.229249
A5: =직종별!A5 -> 나비 행정 | B5: =직종별!I5 -> 3200 | C5: =직종별!L5/100000000 -> 3.168 | D5: =직종별!O5/100000000 -> 5.78 | E5: =직종별!K5/100000000 -> 0.578 | F5: =직종별!V5/100000000 -> 5.93237 | G5: =직종별!W5/100000000 -> 1.8449671 | H5: =직종별!X5/100000000 -> 3.6899341 | I5: =직종별!Y5/100000000 -> 2.2424359 | J5: =직종별!Z5/100000000 -> 4.0874029 | K5: =직종별!AA5/100000000 -> 7.672 | L5: =직종별!AC5 -> 0.15641195
A6: =직종별!A6 -> 나비 변호사 | B6: =직종별!I6 -> 9600 | C6: =직종별!L6/100000000 -> 9.504 | D6: =직종별!O6/100000000 -> 17.323 | E6: =직종별!K6/100000000 -> 1.7323 | F6: =직종별!V6/100000000 -> 18.059649 | G6: =직종별!W6/100000000 -> 5.616551 | H6: =직종별!X6/100000000 -> 11.233102 | I6: =직종별!Y6/100000000 -> 6.8265475 | J6: =직종별!Z6/100000000 -> 12.443099 | K6: =직종별!AA6/100000000 -> 23.8207 | L6: =직종별!AC6 -> 0.46705336
A7: =직종별!A7 -> 나비 회계 | B7: =직종별!I7 -> 5400 | C7: =직종별!L7/100000000 -> 5.346 | D7: =직종별!O7/100000000 -> 9.7447778 | E7: =직종별!K7/100000000 -> 0.97447778 | F7: =직종별!V7/100000000 -> 10.097836 | G7: =직종별!W7/100000000 -> 3.1404268 | H7: =직종별!X7/100000000 -> 6.2808537 | I7: =직종별!Y7/100000000 -> 3.8169818 | J7: =직종별!Z7/100000000 -> 6.9574087 | K7: =직종별!AA7/100000000 -> 13.2203 | L7: =직종별!AC7 -> 0.26189908
A8: =직종별!A8 -> 나비 세무 | B8: =직종별!I8 -> 5100 | C8: =직종별!L8/100000000 -> 5.049 | D8: =직종별!O8/100000000 -> 9.2026667 | E8: =직종별!K8/100000000 -> 0.92026667 | F8: =직종별!V8/100000000 -> 9.528284 | G8: =직종별!W8/100000000 -> 2.9632963 | H8: =직종별!X8/100000000 -> 5.9265926 | I8: =직종별!Y8/100000000 -> 3.6016914 | J8: =직종별!Z8/100000000 -> 6.5649877 | K8: =직종별!AA8/100000000 -> 12.4624 | L8: =직종별!AC8 -> 0.24734913
A9: =직종별!A9 -> 나비 변리 | B9: =직종별!I9 -> 1440 | C9: =직종별!L9/100000000 -> 1.4256 | D9: =직종별!O9/100000000 -> 2.5972222 | E9: =직종별!K9/100000000 -> 0.25972222 | F9: =직종별!V9/100000000 -> 2.5884875 | G9: =직종별!W9/100000000 -> 0.80501961 | H9: =직종별!X9/100000000 -> 1.6100392 | I9: =직종별!Y9/100000000 -> 0.97844827 | J9: =직종별!Z9/100000000 -> 1.7834679 | K9: =직종별!AA9/100000000 -> 3.2235 | L9: =직종별!AC9 -> 0.069839755
A10: =직종별!A10 -> 나비 감정 | B10: =직종별!I10 -> 1500 | C10: =직종별!L10/100000000 -> 1.485 | D10: =직종별!O10/100000000 -> 2.7048889 | E10: =직종별!K10/100000000 -> 0.27048889 | F10: =직종별!V10/100000000 -> 2.701604 | G10: =직종별!W10/100000000 -> 0.84019884 | H10: =직종별!X10/100000000 -> 1.6803977 | I10: =직종별!Y10/100000000 -> 1.0212063 | J10: =직종별!Z10/100000000 -> 1.8614052 | K10: =직종별!AA10/100000000 -> 3.3744 | L10: =직종별!AC10 -> 0.072749745
A11: =직종별!A11 -> 나비 의사 | B11: =직종별!I11 -> 35400 | C11: =직종별!L11/100000000 -> 35.046 | D11: =직종별!O11/100000000 -> 63.870889 | E11: =직종별!K11/100000000 -> 6.3870889 | F11: =직종별!V11/100000000 -> 66.963683 | G11: =직종별!W11/100000000 -> 20.825705 | H11: =직종별!X11/100000000 -> 41.651411 | I11: =직종별!Y11/100000000 -> 25.312272 | J11: =직종별!Z11/100000000 -> 46.137978 | K11: =직종별!AA11/100000000 -> 88.9338 | L11: =직종별!AC11 -> 1.716894
A12: =직종별!A12 -> 나비 중개 | B12: =직종별!I12 -> 32880 | C12: =직종별!L12/100000000 -> 32.5512 | D12: =직종별!O12/100000000 -> 59.326222 | E12: =직종별!K12/100000000 -> 5.9326222 | F12: =직종별!V12/100000000 -> 62.188976 | G12: =직종별!W12/100000000 -> 19.340772 | H12: =직종별!X12/100000000 -> 38.681543 | I12: =직종별!Y12/100000000 -> 23.507433 | J12: =직종별!Z12/100000000 -> 42.848204 | K12: =직종별!AA12/100000000 -> 82.5756 | L12: =직종별!AC12 -> 1.5949072
A13: =직종별!A13 -> 나비 약사 | B13: =직종별!I13 -> 12300 | C13: =직종별!L13/100000000 -> 12.177 | D13: =직종별!O13/100000000 -> 22.190667 | E13: =직종별!K13/100000000 -> 2.2190667 | F13: =직종별!V13/100000000 -> 23.173706 | G13: =직종별!W13/100000000 -> 7.2070226 | H13: =직종별!X13/100000000 -> 14.414045 | I13: =직종별!Y13/100000000 -> 8.7596609 | J13: =직종별!Z13/100000000 -> 15.966683 | K13: =직종별!AA13/100000000 -> 30.6316 | L13: =직종별!AC13 -> 0.59654791
A14: =직종별!A14 -> 나비 한의 | B14: =직종별!I14 -> 6600 | C14: =직종별!L14/100000000 -> 6.534 | D14: =직종별!O14/100000000 -> 11.907556 | E14: =직종별!K14/100000000 -> 1.1907556 | F14: =직종별!V14/100000000 -> 12.370088 | G14: =직종별!W14/100000000 -> 3.8470974 | H14: =직종별!X14/100000000 -> 7.6941947 | I14: =직종별!Y14/100000000 -> 4.6758933 | J14: =직종별!Z14/100000000 -> 8.5229906 | K14: =직종별!AA14/100000000 -> 16.2468 | L14: =직종별!AC14 -> 0.32009888
A15: =직종별!A15 -> 합계 | B15: =직종별!I15 -> 118120 | C15: =직종별!L15/100000000 -> 116.9388 | D15: =직종별!O15/100000000 -> 213.129 | E15: =직종별!K15/100000000 -> 21.3129 | F15: =직종별!V15/100000000 -> 222.37489 | G15: =직종별!W15/100000000 -> 69.15859 | H15: =직종별!X15/100000000 -> 138.31718 | I15: =직종별!Y15/100000000 -> 84.057708 | J15: =직종별!Z15/100000000 -> 153.2163 | K15: =직종별!AA15/100000000 -> 293.6141 | L15: =직종별!AC15 -> 5.733

Sheet 직종별
A1: 직종별 1차 연도 재무 (원 단위, 입찰 대금·서버 분담금 제외)
A3: 직종 | B3: 시장(명) | C3: 1개월 누적 | D3: 2개월 | E3: 3개월 | F3: 4개월 | G3: 5개월 누적(목표) | H3: 달성률 | I3: 목표 회원(명) | J3: 1차 연도 가입자-월 | K3: 서버비(원) | L3: 연회비 입금(원) | M3: 연회비 부가세(원) | N3: 연회비 공급가(원) | O3: 종량제 수입(원) | P3: 12개월 말 선수수익(원) | Q3: 인식 수익(원) | R3: 마케팅비(원) | S3: 고정비(원) | T3: 세전이익(원) | U3: 법인세(원) | V3: 순이익(원) | W3: 배당 하한(원) | X3: 배당 상한(원) | Y3: 로열티 최소(원) | Z3: 로열티 최대(원) | AA3: 12개월 말 현금, 지급 전(원) | AB3: 시장 규모 비율 | AC3: 첫 서버 분담금 몫(억 원) | AD3: 100% 기준 인식수익−서버비(원) | AE3: 100% 기준 서버비(원)
A4: 나비 법무(나비로) | B4: 15756 | C4: 500 | D4: 1200 | E4: 2200 | F4: 3400 | G4: 4700 | H4: =입력!$B$20 -> 1 | I4: =G4*H4 -> 4700 | J4: =(SUM(C4:G4)+G4*7)*H4 -> 44900 | K4: =J4*입력!$B$24 -> 84811111 | L4: =I4*입력!$B$4 -> 465300000 | M4: =L4-L4/(1+입력!$B$5) -> 42300000 | N4: =L4-M4 -> 423000000 | O4: =K4*입력!$B$8 -> 8.4811111e+08 | P4: =H4*입력!$B$26*(D4-C4+2*(E4-D4)+3*(F4-E4)+4*(G4-F4))*1 -> 86250000 | Q4: =N4-P4 -> 336750000 | R4: =I4*입력!$B$10 -> 0 | S4: =입력!$B$12+입력!$B$11*IF(C4*H4/B4>=입력!$B$21,11,IF(D4*H4/B4>=입력!$B$21,10,IF(E4*H4/B4>=입력!$B$21,9,IF(F4*H4/B4>=입력!$B$21,8,IF(G4*H4/B4>=입력!$B$21,7,0)))))/12 -> 42000000 | T4: =Q4+O4-K4-R4-S4 -> 1058050000 | U4: =IF(T4<=0,0,MIN(T4,입력!$B$18)*입력!$B$16+MAX(T4-입력!$B$18,0)*입력!$B$17) -> 181029500 | V4: =T4-U4 -> 877020500 | W4: =MAX(V4,0)*입력!$B$14 -> 2.7275338e+08 | X4: =MAX(V4,0)*입력!$B$15 -> 545506751 | Y4: =V4-X4 -> 331513749 | Z4: =V4-W4 -> 6.0426712e+08 | AA4: =N4+O4-K4-R4-S4+입력!$B$13 -> 1145300000 | AB4: =B4/$B$15 -> 0.039987615 | AC4: =AB4*입력!$B$19 -> 0.229249 | AD4: =(G4*입력!$B$25-입력!$B$26*(D4-C4+2*(E4-D4)+3*(F4-E4)+4*(G4-F4)))-(SUM(C4:G4)+G4*7)*입력!$B$24 -> 2.5193889e+08 | AE4: =(SUM(C4:G4)+G4*7)*입력!$B$24 -> 84811111
A5: 나비 행정 | B5: 10750 | C5: 350 | D5: 850 | E5: 1500 | F5: 2300 | G5: 3200 | H5: =입력!$B$20 -> 1 | I5: =G5*H5 -> 3200 | J5: =(SUM(C5:G5)+G5*7)*H5 -> 30600 | K5: =J5*입력!$B$24 -> 57800000 | L5: =I5*입력!$B$4 -> 316800000 | M5: =L5-L5/(1+입력!$B$5) -> 28800000 | N5: =L5-M5 -> 288000000 | O5: =K5*입력!$B$8 -> 578000000 | P5: =H5*입력!$B$26*(D5-C5+2*(E5-D5)+3*(F5-E5)+4*(G5-F5))*1 -> 58500000 | Q5: =N5-P5 -> 229500000 | R5: =I5*입력!$B$10 -> 0 | S5: =입력!$B$12+입력!$B$11*IF(C5*H5/B5>=입력!$B$21,11,IF(D5*H5/B5>=입력!$B$21,10,IF(E5*H5/B5>=입력!$B$21,9,IF(F5*H5/B5>=입력!$B$21,8,IF(G5*H5/B5>=입력!$B$21,7,0)))))/12 -> 42000000 | T5: =Q5+O5-K5-R5-S5 -> 707700000 | U5: =IF(T5<=0,0,MIN(T5,입력!$B$18)*입력!$B$16+MAX(T5-입력!$B$18,0)*입력!$B$17) -> 114463000 | V5: =T5-U5 -> 593237000 | W5: =MAX(V5,0)*입력!$B$14 -> 184496707 | X5: =MAX(V5,0)*입력!$B$15 -> 368993414 | Y5: =V5-X5 -> 224243586 | Z5: =V5-W5 -> 408740293 | AA5: =N5+O5-K5-R5-S5+입력!$B$13 -> 767200000 | AB5: =B5/$B$15 -> 0.027282741 | AC5: =AB5*입력!$B$19 -> 0.15641195 | AD5: =(G5*입력!$B$25-입력!$B$26*(D5-C5+2*(E5-D5)+3*(F5-E5)+4*(G5-F5)))-(SUM(C5:G5)+G5*7)*입력!$B$24 -> 171700000 | AE5: =(SUM(C5:G5)+G5*7)*입력!$B$24 -> 57800000
A6: 나비 변호사 | B6: 32100 | C6: 1020 | D6: 2450 | E6: 4490 | F6: 6950 | G6: 9600 | H6: =입력!$B$20 -> 1 | I6: =G6*H6 -> 9600 | J6: =(SUM(C6:G6)+G6*7)*H6 -> 91710 | K6: =J6*입력!$B$24 -> 173230000 | L6: =I6*입력!$B$4 -> 950400000 | M6: =L6-L6/(1+입력!$B$5) -> 86400000 | N6: =L6-M6 -> 864000000 | O6: =K6*입력!$B$8 -> 1732300000 | P6: =H6*입력!$B$26*(D6-C6+2*(E6-D6)+3*(F6-E6)+4*(G6-F6))*1 -> 176175000 | Q6: =N6-P6 -> 687825000 | R6: =I6*입력!$B$10 -> 0 | S6: =입력!$B$12+입력!$B$11*IF(C6*H6/B6>=입력!$B$21,11,IF(D6*H6/B6>=입력!$B$21,10,IF(E6*H6/B6>=입력!$B$21,9,IF(F6*H6/B6>=입력!$B$21,8,IF(G6*H6/B6>=입력!$B$21,7,0)))))/12 -> 42000000 | T6: =Q6+O6-K6-R6-S6 -> 2204895000 | U6: =IF(T6<=0,0,MIN(T6,입력!$B$18)*입력!$B$16+MAX(T6-입력!$B$18,0)*입력!$B$17) -> 398930050 | V6: =T6-U6 -> 1805964950 | W6: =MAX(V6,0)*입력!$B$14 -> 5.616551e+08 | X6: =MAX(V6,0)*입력!$B$15 -> 1.1233102e+09 | Y6: =V6-X6 -> 6.8265475e+08 | Z6: =V6-W6 -> 1.2443099e+09 | AA6: =N6+O6-K6-R6-S6+입력!$B$13 -> 2382070000 | AB6: =B6/$B$15 -> 0.081467532 | AC6: =AB6*입력!$B$19 -> 0.46705336 | AD6: =(G6*입력!$B$25-입력!$B$26*(D6-C6+2*(E6-D6)+3*(F6-E6)+4*(G6-F6)))-(SUM(C6:G6)+G6*7)*입력!$B$24 -> 514595000 | AE6: =(SUM(C6:G6)+G6*7)*입력!$B$24 -> 173230000
A7: 나비 회계 | B7: 18000 | C7: 570 | D7: 1380 | E7: 2530 | F7: 3910 | G7: 5400 | H7: =입력!$B$20 -> 1 | I7: =G7*H7 -> 5400 | J7: =(SUM(C7:G7)+G7*7)*H7 -> 51590 | K7: =J7*입력!$B$24 -> 97447778 | L7: =I7*입력!$B$4 -> 534600000 | M7: =L7-L7/(1+입력!$B$5) -> 48600000 | N7: =L7-M7 -> 486000000 | O7: =K7*입력!$B$8 -> 9.7447778e+08 | P7: =H7*입력!$B$26*(D7-C7+2*(E7-D7)+3*(F7-E7)+4*(G7-F7))*1 -> 99075000 | Q7: =N7-P7 -> 386925000 | R7: =I7*입력!$B$10 -> 0 | S7: =입력!$B$12+입력!$B$11*IF(C7*H7/B7>=입력!$B$21,11,IF(D7*H7/B7>=입력!$B$21,10,IF(E7*H7/B7>=입력!$B$21,9,IF(F7*H7/B7>=입력!$B$21,8,IF(G7*H7/B7>=입력!$B$21,7,0)))))/12 -> 42000000 | T7: =Q7+O7-K7-R7-S7 -> 1221955000 | U7: =IF(T7<=0,0,MIN(T7,입력!$B$18)*입력!$B$16+MAX(T7-입력!$B$18,0)*입력!$B$17) -> 212171450 | V7: =T7-U7 -> 1009783550 | W7: =MAX(V7,0)*입력!$B$14 -> 3.1404268e+08 | X7: =MAX(V7,0)*입력!$B$15 -> 6.2808537e+08 | Y7: =V7-X7 -> 3.8169818e+08 | Z7: =V7-W7 -> 6.9574087e+08 | AA7: =N7+O7-K7-R7-S7+입력!$B$13 -> 1322030000 | AB7: =B7/$B$15 -> 0.045682728 | AC7: =AB7*입력!$B$19 -> 0.26189908 | AD7: =(G7*입력!$B$25-입력!$B$26*(D7-C7+2*(E7-D7)+3*(F7-E7)+4*(G7-F7)))-(SUM(C7:G7)+G7*7)*입력!$B$24 -> 2.8947722e+08 | AE7: =(SUM(C7:G7)+G7*7)*입력!$B$24 -> 97447778
A8: 나비 세무 | B8: 17000 | C8: 540 | D8: 1300 | E8: 2390 | F8: 3690 | G8: 5100 | H8: =입력!$B$20 -> 1 | I8: =G8*H8 -> 5100 | J8: =(SUM(C8:G8)+G8*7)*H8 -> 48720 | K8: =J8*입력!$B$24 -> 92026667 | L8: =I8*입력!$B$4 -> 504900000 | M8: =L8-L8/(1+입력!$B$5) -> 45900000 | N8: =L8-M8 -> 459000000 | O8: =K8*입력!$B$8 -> 9.2026667e+08 | P8: =H8*입력!$B$26*(D8-C8+2*(E8-D8)+3*(F8-E8)+4*(G8-F8))*1 -> 93600000 | Q8: =N8-P8 -> 365400000 | R8: =I8*입력!$B$10 -> 0 | S8: =입력!$B$12+입력!$B$11*IF(C8*H8/B8>=입력!$B$21,11,IF(D8*H8/B8>=입력!$B$21,10,IF(E8*H8/B8>=입력!$B$21,9,IF(F8*H8/B8>=입력!$B$21,8,IF(G8*H8/B8>=입력!$B$21,7,0)))))/12 -> 42000000 | T8: =Q8+O8-K8-R8-S8 -> 1151640000 | U8: =IF(T8<=0,0,MIN(T8,입력!$B$18)*입력!$B$16+MAX(T8-입력!$B$18,0)*입력!$B$17) -> 198811600 | V8: =T8-U8 -> 952828400 | W8: =MAX(V8,0)*입력!$B$14 -> 2.9632963e+08 | X8: =MAX(V8,0)*입력!$B$15 -> 5.9265926e+08 | Y8: =V8-X8 -> 3.6016914e+08 | Z8: =V8-W8 -> 6.5649877e+08 | AA8: =N8+O8-K8-R8-S8+입력!$B$13 -> 1246240000 | AB8: =B8/$B$15 -> 0.043144799 | AC8: =AB8*입력!$B$19 -> 0.24734913 | AD8: =(G8*입력!$B$25-입력!$B$26*(D8-C8+2*(E8-D8)+3*(F8-E8)+4*(G8-F8)))-(SUM(C8:G8)+G8*7)*입력!$B$24 -> 2.7337333e+08 | AE8: =(SUM(C8:G8)+G8*7)*입력!$B$24 -> 92026667
A9: 나비 변리 | B9: 4800 | C9: 150 | D9: 370 | E9: 670 | F9: 1040 | G9: 1440 | H9: =입력!$B$20 -> 1 | I9: =G9*H9 -> 1440 | J9: =(SUM(C9:G9)+G9*7)*H9 -> 13750 | K9: =J9*입력!$B$24 -> 25972222 | L9: =I9*입력!$B$4 -> 142560000 | M9: =L9-L9/(1+입력!$B$5) -> 12960000 | N9: =L9-M9 -> 129600000 | O9: =K9*입력!$B$8 -> 2.5972222e+08 | P9: =H9*입력!$B$26*(D9-C9+2*(E9-D9)+3*(F9-E9)+4*(G9-F9))*1 -> 26475000 | Q9: =N9-P9 -> 103125000 | R9: =I9*입력!$B$10 -> 0 | S9: =입력!$B$12+입력!$B$11*IF(C9*H9/B9>=입력!$B$21,11,IF(D9*H9/B9>=입력!$B$21,10,IF(E9*H9/B9>=입력!$B$21,9,IF(F9*H9/B9>=입력!$B$21,8,IF(G9*H9/B9>=입력!$B$21,7,0)))))/12 -> 42000000 | T9: =Q9+O9-K9-R9-S9 -> 294875000 | U9: =IF(T9<=0,0,MIN(T9,입력!$B$18)*입력!$B$16+MAX(T9-입력!$B$18,0)*입력!$B$17) -> 36026250 | V9: =T9-U9 -> 258848750 | W9: =MAX(V9,0)*입력!$B$14 -> 80501961 | X9: =MAX(V9,0)*입력!$B$15 -> 1.6100392e+08 | Y9: =V9-X9 -> 97844828 | Z9: =V9-W9 -> 1.7834679e+08 | AA9: =N9+O9-K9-R9-S9+입력!$B$13 -> 322350000 | AB9: =B9/$B$15 -> 0.012182061 | AC9: =AB9*입력!$B$19 -> 0.069839755 | AD9: =(G9*입력!$B$25-입력!$B$26*(D9-C9+2*(E9-D9)+3*(F9-E9)+4*(G9-F9)))-(SUM(C9:G9)+G9*7)*입력!$B$24 -> 77152778 | AE9: =(SUM(C9:G9)+G9*7)*입력!$B$24 -> 25972222
A10: 나비 감정 | B10: 5000 | C10: 160 | D10: 380 | E10: 700 | F10: 1080 | G10: 1500 | H10: =입력!$B$20 -> 1 | I10: =G10*H10 -> 1500 | J10: =(SUM(C10:G10)+G10*7)*H10 -> 14320 | K10: =J10*입력!$B$24 -> 27048889 | L10: =I10*입력!$B$4 -> 148500000 | M10: =L10-L10/(1+입력!$B$5) -> 13500000 | N10: =L10-M10 -> 135000000 | O10: =K10*입력!$B$8 -> 2.7048889e+08 | P10: =H10*입력!$B$26*(D10-C10+2*(E10-D10)+3*(F10-E10)+4*(G10-F10))*1 -> 27600000 | Q10: =N10-P10 -> 107400000 | R10: =I10*입력!$B$10 -> 0 | S10: =입력!$B$12+입력!$B$11*IF(C10*H10/B10>=입력!$B$21,11,IF(D10*H10/B10>=입력!$B$21,10,IF(E10*H10/B10>=입력!$B$21,9,IF(F10*H10/B10>=입력!$B$21,8,IF(G10*H10/B10>=입력!$B$21,7,0)))))/12 -> 42000000 | T10: =Q10+O10-K10-R10-S10 -> 308840000 | U10: =IF(T10<=0,0,MIN(T10,입력!$B$18)*입력!$B$16+MAX(T10-입력!$B$18,0)*입력!$B$17) -> 38679600 | V10: =T10-U10 -> 270160400 | W10: =MAX(V10,0)*입력!$B$14 -> 84019884 | X10: =MAX(V10,0)*입력!$B$15 -> 1.6803977e+08 | Y10: =V10-X10 -> 1.0212063e+08 | Z10: =V10-W10 -> 1.8614052e+08 | AA10: =N10+O10-K10-R10-S10+입력!$B$13 -> 337440000 | AB10: =B10/$B$15 -> 0.012689647 | AC10: =AB10*입력!$B$19 -> 0.072749745 | AD10: =(G10*입력!$B$25-입력!$B$26*(D10-C10+2*(E10-D10)+3*(F10-E10)+4*(G10-F10)))-(SUM(C10:G10)+G10*7)*입력!$B$24 -> 80351111 | AE10: =(SUM(C10:G10)+G10*7)*입력!$B$24 -> 27048889
A11: 나비 의사 | B11: 118000 | C11: 3750 | D11: 9030 | E11: 16570 | F11: 25590 | G11: 35400 | H11: =입력!$B$20 -> 1 | I11: =G11*H11 -> 35400 | J11: =(SUM(C11:G11)+G11*7)*H11 -> 338140 | K11: =J11*입력!$B$24 -> 6.3870889e+08 | L11: =I11*입력!$B$4 -> 3504600000 | M11: =L11-L11/(1+입력!$B$5) -> 3.186e+08 | N11: =L11-M11 -> 3186000000 | O11: =K11*입력!$B$8 -> 6.3870889e+09 | P11: =H11*입력!$B$26*(D11-C11+2*(E11-D11)+3*(F11-E11)+4*(G11-F11))*1 -> 649950000 | Q11: =N11-P11 -> 2536050000 | R11: =I11*입력!$B$10 -> 0 | S11: =입력!$B$12+입력!$B$11*IF(C11*H11/B11>=입력!$B$21,11,IF(D11*H11/B11>=입력!$B$21,10,IF(E11*H11/B11>=입력!$B$21,9,IF(F11*H11/B11>=입력!$B$21,8,IF(G11*H11/B11>=입력!$B$21,7,0)))))/12 -> 42000000 | T11: =Q11+O11-K11-R11-S11 -> 8242430000 | U11: =IF(T11<=0,0,MIN(T11,입력!$B$18)*입력!$B$16+MAX(T11-입력!$B$18,0)*입력!$B$17) -> 1546061700 | V11: =T11-U11 -> 6696368300 | W11: =MAX(V11,0)*입력!$B$14 -> 2.0825705e+09 | X11: =MAX(V11,0)*입력!$B$15 -> 4.1651411e+09 | Y11: =V11-X11 -> 2.5312272e+09 | Z11: =V11-W11 -> 4.6137978e+09 | AA11: =N11+O11-K11-R11-S11+입력!$B$13 -> 8893380000 | AB11: =B11/$B$15 -> 0.29947566 | AC11: =AB11*입력!$B$19 -> 1.716894 | AD11: =(G11*입력!$B$25-입력!$B$26*(D11-C11+2*(E11-D11)+3*(F11-E11)+4*(G11-F11)))-(SUM(C11:G11)+G11*7)*입력!$B$24 -> 1.8973411e+09 | AE11: =(SUM(C11:G11)+G11*7)*입력!$B$24 -> 6.3870889e+08
A12: 나비 중개 | B12: 109616 | C12: 3490 | D12: 8390 | E12: 15390 | F12: 23770 | G12: 32880 | H12: =입력!$B$20 -> 1 | I12: =G12*H12 -> 32880 | J12: =(SUM(C12:G12)+G12*7)*H12 -> 314080 | K12: =J12*입력!$B$24 -> 5.9326222e+08 | L12: =I12*입력!$B$4 -> 3255120000 | M12: =L12-L12/(1+입력!$B$5) -> 2.9592e+08 | N12: =L12-M12 -> 2959200000 | O12: =K12*입력!$B$8 -> 5.9326222e+09 | P12: =H12*입력!$B$26*(D12-C12+2*(E12-D12)+3*(F12-E12)+4*(G12-F12))*1 -> 603600000 | Q12: =N12-P12 -> 2355600000 | R12: =I12*입력!$B$10 -> 0 | S12: =입력!$B$12+입력!$B$11*IF(C12*H12/B12>=입력!$B$21,11,IF(D12*H12/B12>=입력!$B$21,10,IF(E12*H12/B12>=입력!$B$21,9,IF(F12*H12/B12>=입력!$B$21,8,IF(G12*H12/B12>=입력!$B$21,7,0)))))/12 -> 42000000 | T12: =Q12+O12-K12-R12-S12 -> 7652960000 | U12: =IF(T12<=0,0,MIN(T12,입력!$B$18)*입력!$B$16+MAX(T12-입력!$B$18,0)*입력!$B$17) -> 1434062400 | V12: =T12-U12 -> 6218897600 | W12: =MAX(V12,0)*입력!$B$14 -> 1.9340772e+09 | X12: =MAX(V12,0)*입력!$B$15 -> 3.8681543e+09 | Y12: =V12-X12 -> 2.3507433e+09 | Z12: =V12-W12 -> 4.2848204e+09 | AA12: =N12+O12-K12-R12-S12+입력!$B$13 -> 8257560000 | AB12: =B12/$B$15 -> 0.27819766 | AC12: =AB12*입력!$B$19 -> 1.5949072 | AD12: =(G12*입력!$B$25-입력!$B$26*(D12-C12+2*(E12-D12)+3*(F12-E12)+4*(G12-F12)))-(SUM(C12:G12)+G12*7)*입력!$B$24 -> 1.7623378e+09 | AE12: =(SUM(C12:G12)+G12*7)*입력!$B$24 -> 5.9326222e+08
A13: 나비 약사 | B13: 41000 | C13: 1300 | D13: 3130 | E13: 5760 | F13: 8890 | G13: 12300 | H13: =입력!$B$20 -> 1 | I13: =G13*H13 -> 12300 | J13: =(SUM(C13:G13)+G13*7)*H13 -> 117480 | K13: =J13*입력!$B$24 -> 2.2190667e+08 | L13: =I13*입력!$B$4 -> 1217700000 | M13: =L13-L13/(1+입력!$B$5) -> 110700000 | N13: =L13-M13 -> 1107000000 | O13: =K13*입력!$B$8 -> 2.2190667e+09 | P13: =H13*입력!$B$26*(D13-C13+2*(E13-D13)+3*(F13-E13)+4*(G13-F13))*1 -> 225900000 | Q13: =N13-P13 -> 881100000 | R13: =I13*입력!$B$10 -> 0 | S13: =입력!$B$12+입력!$B$11*IF(C13*H13/B13>=입력!$B$21,11,IF(D13*H13/B13>=입력!$B$21,10,IF(E13*H13/B13>=입력!$B$21,9,IF(F13*H13/B13>=입력!$B$21,8,IF(G13*H13/B13>=입력!$B$21,7,0)))))/12 -> 42000000 | T13: =Q13+O13-K13-R13-S13 -> 2836260000 | U13: =IF(T13<=0,0,MIN(T13,입력!$B$18)*입력!$B$16+MAX(T13-입력!$B$18,0)*입력!$B$17) -> 518889400 | V13: =T13-U13 -> 2317370600 | W13: =MAX(V13,0)*입력!$B$14 -> 7.2070226e+08 | X13: =MAX(V13,0)*입력!$B$15 -> 1.4414045e+09 | Y13: =V13-X13 -> 8.7596609e+08 | Z13: =V13-W13 -> 1.5966683e+09 | AA13: =N13+O13-K13-R13-S13+입력!$B$13 -> 3063160000 | AB13: =B13/$B$15 -> 0.1040551 | AC13: =AB13*입력!$B$19 -> 0.59654791 | AD13: =(G13*입력!$B$25-입력!$B$26*(D13-C13+2*(E13-D13)+3*(F13-E13)+4*(G13-F13)))-(SUM(C13:G13)+G13*7)*입력!$B$24 -> 6.5919333e+08 | AE13: =(SUM(C13:G13)+G13*7)*입력!$B$24 -> 2.2190667e+08
A14: 나비 한의 | B14: 22000 | C14: 700 | D14: 1680 | E14: 3090 | F14: 4770 | G14: 6600 | H14: =입력!$B$20 -> 1 | I14: =G14*H14 -> 6600 | J14: =(SUM(C14:G14)+G14*7)*H14 -> 63040 | K14: =J14*입력!$B$24 -> 1.1907556e+08 | L14: =I14*입력!$B$4 -> 653400000 | M14: =L14-L14/(1+입력!$B$5) -> 59400000 | N14: =L14-M14 -> 594000000 | O14: =K14*입력!$B$8 -> 1.1907556e+09 | P14: =H14*입력!$B$26*(D14-C14+2*(E14-D14)+3*(F14-E14)+4*(G14-F14))*1 -> 121200000 | Q14: =N14-P14 -> 472800000 | R14: =I14*입력!$B$10 -> 0 | S14: =입력!$B$12+입력!$B$11*IF(C14*H14/B14>=입력!$B$21,11,IF(D14*H14/B14>=입력!$B$21,10,IF(E14*H14/B14>=입력!$B$21,9,IF(F14*H14/B14>=입력!$B$21,8,IF(G14*H14/B14>=입력!$B$21,7,0)))))/12 -> 42000000 | T14: =Q14+O14-K14-R14-S14 -> 1502480000 | U14: =IF(T14<=0,0,MIN(T14,입력!$B$18)*입력!$B$16+MAX(T14-입력!$B$18,0)*입력!$B$17) -> 265471200 | V14: =T14-U14 -> 1237008800 | W14: =MAX(V14,0)*입력!$B$14 -> 3.8470974e+08 | X14: =MAX(V14,0)*입력!$B$15 -> 7.6941947e+08 | Y14: =V14-X14 -> 4.6758933e+08 | Z14: =V14-W14 -> 8.5229906e+08 | AA14: =N14+O14-K14-R14-S14+입력!$B$13 -> 1624680000 | AB14: =B14/$B$15 -> 0.055834446 | AC14: =AB14*입력!$B$19 -> 0.32009888 | AD14: =(G14*입력!$B$25-입력!$B$26*(D14-C14+2*(E14-D14)+3*(F14-E14)+4*(G14-F14)))-(SUM(C14:G14)+G14*7)*입력!$B$24 -> 3.5372444e+08 | AE14: =(SUM(C14:G14)+G14*7)*입력!$B$24 -> 1.1907556e+08
A15: 합계 | B15: =SUM(B4:B14) -> 394022 | I15: =SUM(I4:I14) -> 118120 | J15: =SUM(J4:J14) -> 1128330 | K15: =SUM(K4:K14) -> 2131290000 | L15: =SUM(L4:L14) -> 11693880000 | M15: =SUM(M4:M14) -> 1063080000 | N15: =SUM(N4:N14) -> 10630800000 | O15: =SUM(O4:O14) -> 21312900000 | P15: =SUM(P4:P14) -> 2168325000 | ... AA15: =SUM(AA4:AA14) -> 29361410000 | AC15: =SUM(AC4:AC14) -> 5.733
A17: 열 16(선수수익): 월별 코호트 인식 후 12개월 말 잔액 = 월 인식액 × Σ(신규 가입 × (가입 월 − 1)). 2차 연도 전망은 문서(MD)의 표를 참고하세요.
A18: 모든 칸이 입력 시트의 가정에서 계산됩니다. 파란색 글자(시장·누적 목표)만 입력 칸입니다.

Sheet 민감도
A1: 민감도: 달성률 × 종량제 배수 (선택한 직종, 1차 연도, 억 원)
A3: 직종 선택 | B3: 나비 세무
A4: 선택 직종의 100% 기준 인식수익−서버비(원) | B4: =INDEX(직종별!$AD$4:$AD$14,MATCH($B$3,직종별!$A$4:$A$14,0)) -> 2.7337333e+08
A5: 선택 직종의 100% 기준 서버비(원) | B5: =INDEX(직종별!$AE$4:$AE$14,MATCH($B$3,직종별!$A$4:$A$14,0)) -> 92026667
A6: 고정비(원, 임원 보수 9개월분 + 유지비, 목표 달성 시) | B6: =입력!B12+입력!B11*9/12 -> 42000000
A7: 마케팅비는 0이라고 가정(입력 시트의 마케팅비 × 회원 수는 이 표에 반영하지 않음)
A9: 1차 연도 순이익 (억 원)
A10: 달성률 \ 종량제 배수 | B10: 1 | C10: 3 | D10: 5 | E10: 10
A11: 0.2 | B11: =IF(($A11*($B$4+$B$5*B$10)-$B$6)<=0,($A11*($B$4+$B$5*B$10)-$B$6),($A11*($B$4+$B$5*B$10)-$B$6)-(MIN(($A11*($B$4+$B$5*B$10)-$B$6),입력!$B$18)*입력!$B$16+MAX(($A11*($B$4+$B$5*B$10)-$B$6)-입력!$B$18,0)*입력!$B$17))/100000000 -> 0.282828 | C11: =IF(($A11*($B$4+$B$5*C$10)-$B$6)<=0,($A11*($B$4+$B$5*C$10)-$B$6),($A11*($B$4+$B$5*C$10)-$B$6)-(MIN(($A11*($B$4+$B$5*C$10)-$B$6),입력!$B$18)*입력!$B$16+MAX(($A11*($B$4+$B$5*C$10)-$B$6)-입력!$B$18,0)*입력!$B$17))/100000000 -> 0.61780507 | D11: =IF(($A11*($B$4+$B$5*D$10)-$B$6)<=0,($A11*($B$4+$B$5*D$10)-$B$6),($A11*($B$4+$B$5*D$10)-$B$6)-(MIN(($A11*($B$4+$B$5*D$10)-$B$6),입력!$B$18)*입력!$B$16+MAX(($A11*($B$4+$B$5*D$10)-$B$6)-입력!$B$18,0)*입력!$B$17))/100000000 -> 0.95278213 | E11: =IF(($A11*($B$4+$B$5*E$10)-$B$6)<=0,($A11*($B$4+$B$5*E$10)-$B$6),($A11*($B$4+$B$5*E$10)-$B$6)-(MIN(($A11*($B$4+$B$5*E$10)-$B$6),입력!$B$18)*입력!$B$16+MAX(($A11*($B$4+$B$5*E$10)-$B$6)-입력!$B$18,0)*입력!$B$17))/100000000 -> 1.7902248
A12: 0.5 | B12: =IF(($A12*($B$4+$B$5*B$10)-$B$6)<=0,($A12*($B$4+$B$5*B$10)-$B$6),($A12*($B$4+$B$5*B$10)-$B$6)-(MIN(($A12*($B$4+$B$5*B$10)-$B$6),입력!$B$18)*입력!$B$16+MAX(($A12*($B$4+$B$5*B$10)-$B$6)-입력!$B$18,0)*입력!$B$17))/100000000 -> 1.28037 | C12: =IF(($A12*($B$4+$B$5*C$10)-$B$6)<=0,($A12*($B$4+$B$5*C$10)-$B$6),($A12*($B$4+$B$5*C$10)-$B$6)-(MIN(($A12*($B$4+$B$5*C$10)-$B$6),입력!$B$18)*입력!$B$16+MAX(($A12*($B$4+$B$5*C$10)-$B$6)-입력!$B$18,0)*입력!$B$17))/100000000 -> 2.085086 | D12: =IF(($A12*($B$4+$B$5*D$10)-$B$6)<=0,($A12*($B$4+$B$5*D$10)-$B$6),($A12*($B$4+$B$5*D$10)-$B$6)-(MIN(($A12*($B$4+$B$5*D$10)-$B$6),입력!$B$18)*입력!$B$16+MAX(($A12*($B$4+$B$5*D$10)-$B$6)-입력!$B$18,0)*입력!$B$17))/100000000 -> 2.830502 | E12: =IF(($A12*($B$4+$B$5*E$10)-$B$6)<=0,($A12*($B$4+$B$5*E$10)-$B$6),($A12*($B$4+$B$5*E$10)-$B$6)-(MIN(($A12*($B$4+$B$5*E$10)-$B$6),입력!$B$18)*입력!$B$16+MAX(($A12*($B$4+$B$5*E$10)-$B$6)-입력!$B$18,0)*입력!$B$17))/100000000 -> 4.694042
A13: 1 | B13: =IF(($A13*($B$4+$B$5*B$10)-$B$6)<=0,($A13*($B$4+$B$5*B$10)-$B$6),($A13*($B$4+$B$5*B$10)-$B$6)-(MIN(($A13*($B$4+$B$5*B$10)-$B$6),입력!$B$18)*입력!$B$16+MAX(($A13*($B$4+$B$5*B$10)-$B$6)-입력!$B$18,0)*입력!$B$17))/100000000 -> 2.81954 | C13: =IF(($A13*($B$4+$B$5*C$10)-$B$6)<=0,($A13*($B$4+$B$5*C$10)-$B$6),($A13*($B$4+$B$5*C$10)-$B$6)-(MIN(($A13*($B$4+$B$5*C$10)-$B$6),입력!$B$18)*입력!$B$16+MAX(($A13*($B$4+$B$5*C$10)-$B$6)-입력!$B$18,0)*입력!$B$17))/100000000 -> 4.310372 | D13: =IF(($A13*($B$4+$B$5*D$10)-$B$6)<=0,($A13*($B$4+$B$5*D$10)-$B$6),($A13*($B$4+$B$5*D$10)-$B$6)-(MIN(($A13*($B$4+$B$5*D$10)-$B$6),입력!$B$18)*입력!$B$16+MAX(($A13*($B$4+$B$5*D$10)-$B$6)-입력!$B$18,0)*입력!$B$17))/100000000 -> 5.801204 | E13: =IF(($A13*($B$4+$B$5*E$10)-$B$6)<=0,($A13*($B$4+$B$5*E$10)-$B$6),($A13*($B$4+$B$5*E$10)-$B$6)-(MIN(($A13*($B$4+$B$5*E$10)-$B$6),입력!$B$18)*입력!$B$16+MAX(($A13*($B$4+$B$5*E$10)-$B$6)-입력!$B$18,0)*입력!$B$17))/100000000 -> 9.528284
A15: 배당 하한 금액 (억 원, 순이익 × 31.1%)
A16: 달성률 \ 종량제 배수 | B16: 1 | C16: 3 | D16: 5 | E16: 10
A17: 0.2 | B17: =MAX(IF(($A17*($B$4+$B$5*B$16)-$B$6)<=0,($A17*($B$4+$B$5*B$16)-$B$6),($A17*($B$4+$B$5*B$16)-$B$6)-(MIN(($A17*($B$4+$B$5*B$16)-$B$6),입력!$B$18)*입력!$B$16+MAX(($A17*($B$4+$B$5*B$16)-$B$6)-입력!$B$18,0)*입력!$B$17)),0)*입력!$B$14/100000000 -> 0.087959508 | C17: =MAX(IF(($A17*($B$4+$B$5*C$16)-$B$6)<=0,($A17*($B$4+$B$5*C$16)-$B$6),($A17*($B$4+$B$5*C$16)-$B$6)-(MIN(($A17*($B$4+$B$5*C$16)-$B$6),입력!$B$18)*입력!$B$16+MAX(($A17*($B$4+$B$5*C$16)-$B$6)-입력!$B$18,0)*입력!$B$17)),0)*입력!$B$14/100000000 -> 0.19213738 | D17: =MAX(IF(($A17*($B$4+$B$5*D$16)-$B$6)<=0,($A17*($B$4+$B$5*D$16)-$B$6),($A17*($B$4+$B$5*D$16)-$B$6)-(MIN(($A17*($B$4+$B$5*D$16)-$B$6),입력!$B$18)*입력!$B$16+MAX(($A17*($B$4+$B$5*D$16)-$B$6)-입력!$B$18,0)*입력!$B$17)),0)*입력!$B$14/100000000 -> 0.29631524 | E17: =MAX(IF(($A17*($B$4+$B$5*E$16)-$B$6)<=0,($A17*($B$4+$B$5*E$16)-$B$6),($A17*($B$4+$B$5*E$16)-$B$6)-(MIN(($A17*($B$4+$B$5*E$16)-$B$6),입력!$B$18)*입력!$B$16+MAX(($A17*($B$4+$B$5*E$16)-$B$6)-입력!$B$18,0)*입력!$B$17)),0)*입력!$B$14/100000000 -> 0.55675991
A18: 0.5 | B18: =MAX(IF(($A18*($B$4+$B$5*B$16)-$B$6)<=0,($A18*($B$4+$B$5*B$16)-$B$6),($A18*($B$4+$B$5*B$16)-$B$6)-(MIN(($A18*($B$4+$B$5*B$16)-$B$6),입력!$B$18)*입력!$B$16+MAX(($A18*($B$4+$B$5*B$16)-$B$6)-입력!$B$18,0)*입력!$B$17)),0)*입력!$B$14/100000000 -> 0.39819507 | C18: =MAX(IF(($A18*($B$4+$B$5*C$16)-$B$6)<=0,($A18*($B$4+$B$5*C$16)-$B$6),($A18*($B$4+$B$5*C$16)-$B$6)-(MIN(($A18*($B$4+$B$5*C$16)-$B$6),입력!$B$18)*입력!$B$16+MAX(($A18*($B$4+$B$5*C$16)-$B$6)-입력!$B$18,0)*입력!$B$17)),0)*입력!$B$14/100000000 -> 0.64846175 | D18: =MAX(IF(($A18*($B$4+$B$5*D$16)-$B$6)<=0,($A18*($B$4+$B$5*D$16)-$B$6),($A18*($B$4+$B$5*D$16)-$B$6)-(MIN(($A18*($B$4+$B$5*D$16)-$B$6),입력!$B$18)*입력!$B$16+MAX(($A18*($B$4+$B$5*D$16)-$B$6)-입력!$B$18,0)*입력!$B$17)),0)*입력!$B$14/100000000 -> 0.88028612 | E18: =MAX(IF(($A18*($B$4+$B$5*E$16)-$B$6)<=0,($A18*($B$4+$B$5*E$16)-$B$6),($A18*($B$4+$B$5*E$16)-$B$6)-(MIN(($A18*($B$4+$B$5*E$16)-$B$6),입력!$B$18)*입력!$B$16+MAX(($A18*($B$4+$B$5*E$16)-$B$6)-입력!$B$18,0)*입력!$B$17)),0)*입력!$B$14/100000000 -> 1.4598471
A19: 1 | B19: =MAX(IF(($A19*($B$4+$B$5*B$16)-$B$6)<=0,($A19*($B$4+$B$5*B$16)-$B$6),($A19*($B$4+$B$5*B$16)-$B$6)-(MIN(($A19*($B$4+$B$5*B$16)-$B$6),입력!$B$18)*입력!$B$16+MAX(($A19*($B$4+$B$5*B$16)-$B$6)-입력!$B$18,0)*입력!$B$17)),0)*입력!$B$14/100000000 -> 0.87687694 | C19: =MAX(IF(($A19*($B$4+$B$5*C$16)-$B$6)<=0,($A19*($B$4+$B$5*C$16)-$B$6),($A19*($B$4+$B$5*C$16)-$B$6)-(MIN(($A19*($B$4+$B$5*C$16)-$B$6),입력!$B$18)*입력!$B$16+MAX(($A19*($B$4+$B$5*C$16)-$B$6)-입력!$B$18,0)*입력!$B$17)),0)*입력!$B$14/100000000 -> 1.3405257 | D19: =MAX(IF(($A19*($B$4+$B$5*D$16)-$B$6)<=0,($A19*($B$4+$B$5*D$16)-$B$6),($A19*($B$4+$B$5*D$16)-$B$6)-(MIN(($A19*($B$4+$B$5*D$16)-$B$6),입력!$B$18)*입력!$B$16+MAX(($A19*($B$4+$B$5*D$16)-$B$6)-입력!$B$18,0)*입력!$B$17)),0)*입력!$B$14/100000000 -> 1.8041744 | E19: =MAX(IF(($A19*($B$4+$B$5*E$16)-$B$6)<=0,($A19*($B$4+$B$5*E$16)-$B$6),($A19*($B$4+$B$5*E$16)-$B$6)-(MIN(($A19*($B$4+$B$5*E$16)-$B$6),입력!$B$18)*입력!$B$16+MAX(($A19*($B$4+$B$5*E$16)-$B$6)-입력!$B$18,0)*입력!$B$17)),0)*입력!$B$14/100000000 -> 2.9632963
A21: 읽는 법: 종량제 배수를 1배로 낮춰도 연회비 수입이 순이익을 대부분 결정합니다. 달성률(가입자 수)과 갱신율이 핵심 변수입니다.
