Workbook

Sheet 가정
A1: 혼디제주(가칭) 5개년 사업계획 - 추정 기초가정
A2: ※ 아래 수치는 사업계획 초안 작성을 위한 추정 가정치이며, 실제 계약/시장 상황에 따라 변동됩니다. 파란색 글자 = 조정 가능한 입력값.
A4: 항목 | B4: 단위 | C4: 2027(1차연도) | D4: 2028(2차연도) | E4: 2029(3차연도) | F4: 2030(4차연도) | G4: 2031(5차연도) | H4: 비고
A5: 1. 행정 기능 (정부/지자체 AI 전환)
A6: 신규 구축 지자체 수 | B6: 개 | C6: 1 | D6: 2 | E6: 5 | F6: 10 | G6: 15 | H6: 제주도청(1차) 이후 전국 지자체로 확산
A7: 지자체당 구축단가 | B7: 백만원/개 | C7: 300 | H7: 시스템 구축·연동 용역비 (1회성)
A8: 지자체당 연간 유지보수단가 | B8: 백만원/개/년 | C8: 40
A10: 2. 금융 기능 (GDC 디지털화폐)
A11: GDC 연간 거래액(발행+결제+환전) | B11: 백만원 | C11: 3000 | D11: 12000 | E11: 40000 | F11: 100000 | G11: 200000
A12: 혼디 취급수수료율 | B12: % | C12: 0.015
A14: 3. 교통 기능 (자율주행 택시)
A15: 운행 차량 대수(누적) | B15: 대 | C15: 50 | D15: 200 | E15: 1000 | F15: 1000 | G15: 1500 | H15: 1차연도 제주 실증 → 5차연도 전국 1,500대
A16: 대당 일 평균 운행매출 | B16: 백만원/일 | C16: 0.15
A17: 연간 가동일수 | B17: 일 | C17: 330
A18: 혼디 플랫폼 수수료율 | B18: % | C18: 0.15 | H18: 차량은 리스/파트너사 소유 가정, 혼디는 배차·정산 플랫폼 수수료만 인식
A20: 4. 교육 기능 (K-School)
A21: 유료 가입자 수 | B21: 명 | C21: 1000 | D21: 5000 | E21: 20000 | F21: 60000 | G21: 120000
A22: 1인당 월 구독료 | B22: 원 | C22: 9900
A24: 5. 의료 기능 (AI 진료보조)
A25: 라이선스 계약 병·의원 수 | B25: 개소 | C25: 10 | D25: 40 | E25: 150 | F25: 400 | G25: 800
A26: 개소당 월 라이선스료 | B26: 원 | C26: 300000
A28: 6. 시장 기능 (K-Market, 소상공인)
A29: 구독 소상공인 사업체 수 | B29: 개소 | C29: 500 | D29: 3000 | E29: 15000 | F29: 50000 | G29: 100000
A30: 개소당 월 구독료 | B30: 원 | C30: 29900
A32: 7. 법원 기능 (K-Law)
A33: 가상판결/조정 처리 건수 | B33: 건 | C33: 200 | D33: 1000 | E33: 4000 | F33: 10000 | G33: 20000
A34: 건당 단가 | B34: 원 | C34: 25000
A36: 8. 손익 공통 가정
A37: 매출원가율(AI 인프라/API 등) | B37: % | C37: 0.3
A38: 마케팅비(매출 대비) | B38: % | C38: 0.05
A39: 고정 관리비 | B39: 백만원/년 | C39: 150 | H39: 임차료, 법무·회계, 일반관리
A40: 관리비(매출 대비 추가) | B40: % | C40: 0.01
A41: 법인세 실효세율 | B41: % | C41: 0.2 | H41: 흑자 연도에만 적용, 이월결손금 미반영(보수적 단순화)
A42: 임직원 수(핵심 9인 포함) | B42: 명 | C42: 19 | D42: 39 | E42: 100 | F42: 250 | G42: 400
A43: 1인당 평균 연간 인건비 | B43: 백만원/인 | C43: 50 | D43: 45 | E43: 45 | F43: 45 | G43: 45
A44: 설비/인프라 투자(Capex) | B44: 백만원 | C44: 200 | D44: 150 | E44: 300 | F44: 500 | G44: 700 | H44: 서버/GPU 임차, 사무·거점 인프라. 자율주행 차량 자체 취득비는 별도 SPV/리스 조달로 본 표에서 제외

Sheet 매출추정
A1: 부문별 매출 추정 (단위: 백만원)
A3: 구분 | C3: 2027(1차연도) | D3: 2028(2차연도) | E3: 2029(3차연도) | F3: 2030(4차연도) | G3: 2031(5차연도) | H3: 비고
A5: 1. 행정 기능
A6: 신규 구축 지자체 수 | B6: 개 | C6: =가정!C6 -> 1 | D6: =가정!D6 -> 2 | E6: =가정!E6 -> 5 | F6: =가정!F6 -> 10 | G6: =가정!G6 -> 15
A7: 누적 구축 지자체 수 | B7: 개 | C7: =C6 -> 1 | D7: =D6+C7 -> 3 | E7: =E6+D7 -> 8 | F7: =F6+E7 -> 18 | G7: =G6+F7 -> 33
A8: 행정 매출 | B8: 백만원 | C8: =C6*가정!$C$7+(C7-C6)*가정!$C$8 -> 300 | D8: =D6*가정!$C$7+(D7-D6)*가정!$C$8 -> 640 | E8: =E6*가정!$C$7+(E7-E6)*가정!$C$8 -> 1620 | F8: =F6*가정!$C$7+(F7-F6)*가정!$C$8 -> 3320 | G8: =G6*가정!$C$7+(G7-G6)*가정!$C$8 -> 5220
A10: 2. 금융 기능(GDC)
A11: 금융 매출 | B11: 백만원 | C11: =가정!C11*가정!$C$12 -> 45 | D11: =가정!D11*가정!$C$12 -> 180 | E11: =가정!E11*가정!$C$12 -> 600 | F11: =가정!F11*가정!$C$12 -> 1500 | G11: =가정!G11*가정!$C$12 -> 3000
A13: 3. 교통 기능
A14: 총 운행매출(참고) | B14: 백만원 | C14: =가정!C15*가정!$C$16*가정!$C$17 -> 2475 | D14: =가정!D15*가정!$C$16*가정!$C$17 -> 9900 | E14: =가정!E15*가정!$C$16*가정!$C$17 -> 49500 | F14: =가정!F15*가정!$C$16*가정!$C$17 -> 49500 | G14: =가정!G15*가정!$C$16*가정!$C$17 -> 74250
A15: 교통(플랫폼수수료) 매출 | B15: 백만원 | C15: =C14*가정!$C$18 -> 371.25 | D15: =D14*가정!$C$18 -> 1485 | E15: =E14*가정!$C$18 -> 7425 | F15: =F14*가정!$C$18 -> 7425 | G15: =G14*가정!$C$18 -> 11137.5
A17: 4. 교육 기능(K-School)
A18: 교육 매출 | B18: 백만원 | C18: =가정!C21*가정!$C$22*12/1000000 -> 118.8 | D18: =가정!D21*가정!$C$22*12/1000000 -> 594 | E18: =가정!E21*가정!$C$22*12/1000000 -> 2376 | F18: =가정!F21*가정!$C$22*12/1000000 -> 7128 | G18: =가정!G21*가정!$C$22*12/1000000 -> 14256
A20: 5. 의료 기능
A21: 의료 매출 | B21: 백만원 | C21: =가정!C25*가정!$C$26*12/1000000 -> 36 | D21: =가정!D25*가정!$C$26*12/1000000 -> 144 | E21: =가정!E25*가정!$C$26*12/1000000 -> 540 | F21: =가정!F25*가정!$C$26*12/1000000 -> 1440 | G21: =가정!G25*가정!$C$26*12/1000000 -> 2880
A23: 6. 시장 기능(K-Market)
A24: 시장 매출 | B24: 백만원 | C24: =가정!C29*가정!$C$30*12/1000000 -> 179.4 | D24: =가정!D29*가정!$C$30*12/1000000 -> 1076.4 | E24: =가정!E29*가정!$C$30*12/1000000 -> 5382 | F24: =가정!F29*가정!$C$30*12/1000000 -> 17940 | G24: =가정!G29*가정!$C$30*12/1000000 -> 35880
A26: 7. 법원 기능(K-Law)
A27: 법원 매출 | B27: 백만원 | C27: =가정!C33*가정!$C$34/1000000 -> 5 | D27: =가정!D33*가정!$C$34/1000000 -> 25 | E27: =가정!E33*가정!$C$34/1000000 -> 100 | F27: =가정!F33*가정!$C$34/1000000 -> 250 | G27: =가정!G33*가정!$C$34/1000000 -> 500
A29: 총계
A30: 총매출액 | B30: 백만원 | C30: =C8+C11+C15+C18+C21+C24+C27 -> 1055.45 | D30: =D8+D11+D15+D18+D21+D24+D27 -> 4144.4 | E30: =E8+E11+E15+E18+E21+E24+E27 -> 18043 | F30: =F8+F11+F15+F18+F21+F24+F27 -> 39003 | G30: =G8+G11+G15+G18+G21+G24+G27 -> 72873.5
A31: 부문별 매출 비중 - 행정 | B31: % | C31: =C8/C$30 -> 0.28423895 | D31: =D8/D$30 -> 0.15442525 | E31: =E8/E$30 -> 0.089785512 | F31: =F8/F$30 -> 0.085121657 | G31: =G8/G$30 -> 0.071630977
A32: 부문별 매출 비중 - 금융 | B32: % | C32: =C11/C$30 -> 0.042635843 | D32: =D11/D$30 -> 0.043432101 | E32: =E11/E$30 -> 0.033253893 | F32: =F11/F$30 -> 0.03845858 | G32: =G11/G$30 -> 0.041167228
A33: 부문별 매출 비중 - 교통 | B33: % | C33: =C15/C$30 -> 0.3517457 | D33: =D15/D$30 -> 0.35831483 | E33: =E15/E$30 -> 0.41151693 | F33: =F15/F$30 -> 0.19036997 | G33: =G15/G$30 -> 0.15283333
A34: 부문별 매출 비중 - 교육 | B34: % | C34: =C18/C$30 -> 0.11255862 | D34: =D18/D$30 -> 0.14332593 | E34: =E18/E$30 -> 0.13168542 | F34: =F18/F$30 -> 0.18275517 | G34: =G18/G$30 -> 0.19562667
A35: 부문별 매출 비중 - 의료 | B35: % | C35: =C21/C$30 -> 0.034108674 | D35: =D21/D$30 -> 0.034745681 | E35: =E21/E$30 -> 0.029928504 | F35: =F21/F$30 -> 0.036920237 | G35: =G21/G$30 -> 0.039520539
A36: 부문별 매출 비중 - 시장 | B36: % | C36: =C24/C$30 -> 0.16997489 | D36: =D24/D$30 -> 0.25972396 | E36: =E24/E$30 -> 0.29828742 | F36: =F24/F$30 -> 0.45996462 | G36: =G24/G$30 -> 0.49236005
A37: 부문별 매출 비중 - 법원 | B37: % | C37: =C27/C$30 -> 0.0047373158 | D37: =D27/D$30 -> 0.0060322363 | E37: =E27/E$30 -> 0.0055423156 | F37: =F27/F$30 -> 0.0064097634 | G37: =G27/G$30 -> 0.0068612047

Sheet 손익계산서
A1: 추정 손익계산서 (단위: 백만원)
A3: 과목 | C3: 2027(1차연도) | D3: 2028(2차연도) | E3: 2029(3차연도) | F3: 2030(4차연도) | G3: 2031(5차연도) | H3: 비고
A5: 매출액 | B5: 백만원 | C5: =매출추정!C30 -> 1055.45 | D5: =매출추정!D30 -> 4144.4 | E5: =매출추정!E30 -> 18043 | F5: =매출추정!F30 -> 39003 | G5: =매출추정!G30 -> 72873.5
A6: 매출원가 | B6: 백만원 | C6: =C5*가정!$C$37 -> 316.635 | D6: =D5*가정!$C$37 -> 1243.32 | E6: =E5*가정!$C$37 -> 5412.9 | F6: =F5*가정!$C$37 -> 11700.9 | G6: =G5*가정!$C$37 -> 21862.05
A7: 매출총이익 | B7: 백만원 | C7: =C5-C6 -> 738.815 | D7: =D5-D6 -> 2901.08 | E7: =E5-E6 -> 12630.1 | F7: =F5-F6 -> 27302.1 | G7: =G5-G6 -> 51011.45
A9: 판매관리비
A10: 인건비 | B10: 백만원 | C10: =가정!C42*가정!C43 -> 950 | D10: =가정!D42*가정!D43 -> 1755 | E10: =가정!E42*가정!E43 -> 4500 | F10: =가정!F42*가정!F43 -> 11250 | G10: =가정!G42*가정!G43 -> 18000
A11: 마케팅비 | B11: 백만원 | C11: =C5*가정!$C$38 -> 52.7725 | D11: =D5*가정!$C$38 -> 207.22 | E11: =E5*가정!$C$38 -> 902.15 | F11: =F5*가정!$C$38 -> 1950.15 | G11: =G5*가정!$C$38 -> 3643.675
A12: 관리비 | B12: 백만원 | C12: =가정!$C$39+C5*가정!$C$40 -> 160.5545 | D12: =가정!$C$39+D5*가정!$C$40 -> 191.444 | E12: =가정!$C$39+E5*가정!$C$40 -> 330.43 | F12: =가정!$C$39+F5*가정!$C$40 -> 540.03 | G12: =가정!$C$39+G5*가정!$C$40 -> 878.735
A13: 판관비 합계 | B13: 백만원 | C13: =SUM(C10:C12) -> 1163.327 | D13: =SUM(D10:D12) -> 2153.664 | E13: =SUM(E10:E12) -> 5732.58 | F13: =SUM(F10:F12) -> 13740.18 | G13: =SUM(G10:G12) -> 22522.41
A15: 영업이익(EBIT) | B15: 백만원 | C15: =C7-C13 -> -424.512 | D15: =D7-D13 -> 747.416 | E15: =E7-E13 -> 6897.52 | F15: =F7-F13 -> 13561.92 | G15: =G7-G13 -> 28489.04
A16: 영업이익률 | B16: % | C16: =C15/C5 -> -0.40220948 | D16: =D15/D5 -> 0.1803436 | E16: =E15/E5 -> 0.38228233 | F16: =F15/F5 -> 0.34771479 | G16: =G15/G5 -> 0.39093827
A17: 법인세비용 | B17: 백만원 | C17: =IF(C15>0,C15*가정!$C$41,0) -> 0 | D17: =IF(D15>0,D15*가정!$C$41,0) -> 149.4832 | E17: =IF(E15>0,E15*가정!$C$41,0) -> 1379.504 | F17: =IF(F15>0,F15*가정!$C$41,0) -> 2712.384 | G17: =IF(G15>0,G15*가정!$C$41,0) -> 5697.808
A18: 당기순이익 | B18: 백만원 | C18: =C15-C17 -> -424.512 | D18: =D15-D17 -> 597.9328 | E18: =E15-E17 -> 5518.016 | F18: =F15-F17 -> 10849.536 | G18: =G15-G17 -> 22791.232
A19: 누적 당기순이익 | B19: 백만원 | C19: =C18 -> -424.512 | D19: =D18+C19 -> 173.4208 | E19: =E18+D19 -> 5691.4368 | F19: =F18+E19 -> 16540.973 | G19: =G18+F19 -> 39332.205
A21: 참고: 투자 및 자금
A22: 설비/인프라 투자(Capex) | B22: 백만원 | C22: =가정!C44 -> 200 | D22: =가정!D44 -> 150 | E22: =가정!E44 -> 300 | F22: =가정!F44 -> 500 | G22: =가정!G44 -> 700
A23: 연도말 현금영향(순이익-Capex, 세전운전자금 제외 단순화) | B23: 백만원 | C23: =C18-C22 -> -624.512 | D23: =D18-D22 -> 447.9328 | E23: =E18-E22 -> 5218.016 | F23: =F18-F22 -> 10349.536 | G23: =G18-G22 -> 22091.232
A24: 누적 현금영향 | B24: 백만원 | C24: =C23 -> -624.512 | D24: =D23+C24 -> -176.5792 | E24: =E23+D24 -> 5041.4368 | F24: =F23+E24 -> 15390.973 | G24: =G23+F24 -> 37482.205
A26: 가정: 자본금 100백만원 + 기술보증기금 등 정책자금 1,000백만원(부채성) = 총 가용자금 1,100백만원.
A27: 1차연도 영업손실 및 초기 Capex는 이 재원으로 충당하며, 2차연도부터 흑자 전환을 가정한 시나리오임(공격적 확산 전제, 보수적 시나리오는 별도 검토 필요).

Sheet 지분구조
A1: 자본금 및 지분 구조
A3: 주주 | B3: 구분 | C3: 지분율 | D3: 출자금액(원) | E3: 비고
A4: AI City Inc. | B4: 법인주주 | C4: 0.51 | D4: =100000000*C4 -> 51000000 | E4: 최대주주, 경영 총괄
A5: 배정 미정 | B5: 개인주주(미정) | C5: 0.49 | D5: =100000000*C5 -> 49000000 | E5: 대표이사 및 참여 인원 배정 추후 확정
A6: 합계 | C6: =SUM(C4:C5) -> 1 | D6: =SUM(D4:D5) -> 100000000
A18: 별도 조달 예정 자금(부채성, 지분 아님)
A19: 재원 | B19: 금액(백만원) | C19: 용도
A20: 한국기술신용보증기금 보증부 대출 | B20: 1000 | C20: 1차연도 운영자금 및 초기 인프라 투자
